<?xml version="1.0" encoding="UTF-8"?>
<project-private xmlns="http://www.netbeans.org/ns/project-private/1">
    <editor-bookmarks xmlns="http://www.netbeans.org/ns/editor-bookmarks/2" lastBookmarkId="0"/>
    <open-files xmlns="http://www.netbeans.org/ns/projectui-open-files/2">
        <group>
            <file>file:/D:/JON_DIC/JON_DIC/Smt%207/PBOL/UAS-PBOL-2019110044/Pemesanan-Brg/src/project/penjualan/FormattedDateValueFactory.java</file>
            <file>file:/D:/JON_DIC/JON_DIC/Smt%207/PBOL/UAS-PBOL-2019110044/Pemesanan-Brg/src/project/penjualan/FXMLDocumentController.java</file>
            <file>file:/D:/JON_DIC/JON_DIC/Smt%207/PBOL/UAS-PBOL-2019110044/Pemesanan-Brg/src/project/penjualan/DBPemesanan.java</file>
        </group>
    </open-files>
</project-private>
